样本编号,药物名称,基因,检测位点,基因型,疗效或毒副作用预测,等级
BB18080014,6-巯基嘌呤,MTHFR,rs1801133,AG,疗效可能较差,3,CL_HL_1234
BB18080014,6-巯基嘌呤,TPMT,rs1142345,TT,毒副作用可能较弱,1A,CL_HL_1235
BB18080014,阿那曲唑,CYP19A1,rs4646,CC,疗效可能较差,3,CL_HL_1236
BB18080014,奥沙利铂,ERCC1,rs11615,GA,毒副作用可能较强,2B,CL_HL_1237
BB18080014,奥沙利铂,ERCC1,rs3212986,CC,毒副作用可能较强,2B,CL_HL_1238
BB18080014,奥沙利铂,ERCC2,rs13181,GT,毒副作用可能较弱,3,CL_HL_1239
BB18080014,奥沙利铂,GSTP1,rs1695,GG,毒副作用可能较弱,2A,CL_HL_1240
BB18080014,奥沙利铂,XRCC1,rs25487,TC,疗效可能较差,2B,CL_HL_1241
BB18080014,多西紫杉醇,ABCC6,rs2238472,CC,毒副作用可能较强,3,CL_HL_1242
BB18080014,多西紫杉醇,ATP7A,rs2227291,GG,毒副作用可能较强,3,CL_HL_1243
BB18080014,多西紫杉醇,CYP4B1,rs4646487,CC,毒副作用可能较弱,3,CL_HL_1244
BB18080014,多西紫杉醇,SULT1C4,rs1402467,CC,疗效可能较差,3,CL_HL_1245
BB18080014,蒽环类,CBR3,rs1056892,AA,毒副作用可能较弱,2B,CL_HL_1246
BB18080014,蒽环类,NQO1,rs1800566,GG,疗效可能较好,2A,CL_HL_1247
BB18080014,氟尿嘧啶,DPYD,rs3918290,CC,毒副作用可能较弱,1A,CL_HL_1248
BB18080014,氟尿嘧啶,DPYD,rs55886062,AA,毒副作用可能较弱,1A,CL_HL_1249
BB18080014,氟尿嘧啶,DPYD,rs67376798,TT,毒副作用可能较弱,1A,CL_HL_1250
BB18080014,氟尿嘧啶,GSTP1,rs1695,GG,疗效可能较好,2A,CL_HL_1251
BB18080014,氟尿嘧啶,TYMS,rs151264360,DELDEL,疗效可能较好，毒副作用可能较强,2A,CL_HL_1252
BB18080014,氟尿嘧啶,UMPS,rs1801019,GG,毒副作用可能较弱,2B,CL_HL_1253
BB18080014,环磷酰胺,EPHX1,rs1051740,CT,毒副作用可能较强,3,CL_HL_1254
BB18080014,环磷酰胺,GSTP1,rs1695,GG,疗效可能较差，毒副作用可能较强,2A,CL_HL_1255
BB18080014,环磷酰胺,MTHFR,rs1801133,AG,毒副作用可能较弱,2A,CL_HL_1256
BB18080014,环磷酰胺,MUTYH,rs3219484,CC,毒副作用可能较强,3,CL_HL_1257
BB18080014,环磷酰胺,SLC22A16,rs12210538,AA,毒副作用可能较弱,3,CL_HL_1258
BB18080014,环磷酰胺,SOD2,rs4880,AA,疗效可能较好,2B,CL_HL_1259
BB18080014,吉西他滨,CDA,rs60369023,GG,毒副作用可能较弱,3,CL_HL_1260
BB18080014,吉西他滨,NT5C2,rs11598702,CT,疗效可能较差,2B,CL_HL_1261
BB18080014,吉西他滨,RRM1,rs1042858,AG,毒副作用可能较弱,3,CL_HL_1262
BB18080014,甲氨蝶呤,ABCB1,rs1045642,GG,毒副作用可能较弱,2A,CL_HL_1263
BB18080014,甲氨蝶呤,MTHFR,rs1801133,AG,毒副作用可能较强,2A,CL_HL_1264
BB18080014,甲氨蝶呤,MTRR,rs1801394,AA,毒副作用可能较弱,2B,CL_HL_1265
BB18080014,甲氨蝶呤,SLCO1B1,rs11045879,CT,毒副作用可能较强,2A,CL_HL_1266
BB18080014,卡铂,AKT1,rs1130214,CC,疗效可能较差,3,CL_HL_1267
BB18080014,卡铂,ERCC1,rs11615,GA,毒副作用可能较强,2B,CL_HL_1268
BB18080014,卡铂,ERCC1,rs3212986,CC,毒副作用可能较强,2B,CL_HL_1269
BB18080014,卡铂,MTHFR,rs1801133,AG,疗效可能较差,2A,CL_HL_1270
BB18080014,卡铂,XRCC1,rs25487,TC,疗效可能较差,2B,CL_HL_1271
BB18080014,卡培他滨,ABCG2,rs2231142,GT,疗效可能较好,3,CL_HL_1272
BB18080014,卡培他滨,DPYD,rs3918290,CC,毒副作用可能较弱,1A,CL_HL_1273
BB18080014,卡培他滨,DPYD,rs55886062,AA,毒副作用可能较弱,1A,CL_HL_1274
BB18080014,卡培他滨,DPYD,rs67376798,TT,毒副作用可能较弱,1A,CL_HL_1275
BB18080014,卡培他滨,TYMS,rs151264360,DELDEL,疗效可能较好，毒副作用可能较强,2A,CL_HL_1276
BB18080014,卡培他滨,UMPS,rs1801019,GG,毒副作用可能较弱,2B,CL_HL_1277
BB18080014,来曲唑,CYP19A1,rs4646,CC,疗效可能较差,3,CL_HL_1278
BB18080014,培美曲塞,MTHFR,rs1801133,AG,疗效可能较差,3,CL_HL_1279
BB18080014,培美曲塞,TYMS,rs151264360,DELDEL,疗效可能较好,3,CL_HL_1280
BB18080014,顺铂,ERCC1,rs11615,GA,毒副作用可能较强,2B,CL_HL_1282
BB18080014,顺铂,ERCC1,rs3212986,CC,毒副作用可能较强,2B,CL_HL_1283
BB18080014,顺铂,GSTP1,rs1695,GG,毒副作用可能较弱,2A,CL_HL_1284
BB18080014,顺铂,XPC,rs2228001,GT,毒副作用可能较强,1B,CL_HL_1285
BB18080014,顺铂,XRCC1,rs25487,TC,疗效可能较差,2B,CL_HL_1286
BB18080014,它莫西芬,ABCB1,rs1045642,GG,疗效可能较好,3,CL_HL_1287
BB18080014,替加氟,DPYD,rs3918290,CC,毒副作用可能较弱,1A,CL_HL_1288
BB18080014,替加氟,DPYD,rs55886062,AA,毒副作用可能较弱,1A,CL_HL_1289
BB18080014,替加氟,DPYD,rs67376798,TT,毒副作用可能较弱,1A,CL_HL_1290
BB18080014,替加氟,UMPS,rs1801019,GG,毒副作用可能较弱,2B,CL_HL_1291
BB18080014,伊立替康,C8orf34,rs1517114,GG,毒副作用可能较弱,2B,CL_HL_1292
BB18080014,伊立替康,SEMA3C,rs7779029,TC,毒副作用可能较强,2B,CL_HL_1293
BB18080014,伊立替康,TOP1,rs6072262,GG,毒副作用可能较弱,3,CL_HL_1294
BB18080014,伊立替康,UGT1A1,rs4148323,AG,毒副作用可能较强,2A,CL_HL_1295
BB18080014,依托泊苷,DYNC2H1,rs716274,AA,疗效可能较好,2B,CL_HL_1296
BB18080014,依西美坦,CYP19A1,rs4646,CC,疗效可能较差,3,CL_HL_1297
BB18080014,长春新碱,ABCB1,rs1128503,GA,疗效可能较差,3,CL_HL_1298
BB18080014,紫杉醇,ABCB1,rs1045642,GG,毒副作用可能较弱,3,CL_HL_1299
BB18080014,紫杉醇,ERCC1,rs3212986,CC,毒副作用可能较弱,3,CL_HL_1300
BB18080014,紫杉醇,SOD2,rs4880,AA,毒副作用可能较强,3,CL_HL_1301
BB18080014,紫杉醇,TP53,rs1042522,GC,疗效可能较差,2B,CL_HL_1302
BB18080016-1,6-巯基嘌呤,MTHFR,rs1801133,AG,疗效可能较差,3,CL_HL_1234
BB18080016-1,6-巯基嘌呤,TPMT,rs1142345,TT,毒副作用可能较弱,1A,CL_HL_1235
BB18080016-1,阿那曲唑,CYP19A1,rs4646,CC,疗效可能较差,3,CL_HL_1236
BB18080016-1,奥沙利铂,ERCC1,rs11615,GA,毒副作用可能较强,2B,CL_HL_1237
BB18080016-1,奥沙利铂,ERCC1,rs3212986,CC,毒副作用可能较强,2B,CL_HL_1238
BB18080016-1,奥沙利铂,ERCC2,rs13181,TT,毒副作用可能较弱,3,CL_HL_1239
BB18080016-1,奥沙利铂,GSTP1,rs1695,AA,毒副作用可能较强,2A,CL_HL_1240
BB18080016-1,奥沙利铂,XRCC1,rs25487,TT,疗效可能较差,2B,CL_HL_1241
BB18080016-1,多西紫杉醇,ABCC6,rs2238472,CC,毒副作用可能较强,3,CL_HL_1242
BB18080016-1,多西紫杉醇,ATP7A,rs2227291,CG,毒副作用可能较强,3,CL_HL_1243
BB18080016-1,多西紫杉醇,CYP4B1,rs4646487,CC,毒副作用可能较弱,3,CL_HL_1244
BB18080016-1,多西紫杉醇,SULT1C4,rs1402467,CC,疗效可能较差,3,CL_HL_1245
BB18080016-1,蒽环类,CBR3,rs1056892,AA,毒副作用可能较弱,2B,CL_HL_1246
BB18080016-1,蒽环类,NQO1,rs1800566,AG,疗效可能较差,2A,CL_HL_1247
BB18080016-1,氟尿嘧啶,DPYD,rs3918290,CC,毒副作用可能较弱,1A,CL_HL_1248
BB18080016-1,氟尿嘧啶,DPYD,rs55886062,AA,毒副作用可能较弱,1A,CL_HL_1249
BB18080016-1,氟尿嘧啶,DPYD,rs67376798,TT,毒副作用可能较弱,1A,CL_HL_1250
BB18080016-1,氟尿嘧啶,GSTP1,rs1695,AA,疗效可能较差,2A,CL_HL_1251
BB18080016-1,氟尿嘧啶,TYMS,rs151264360,DELDEL,疗效可能较好，毒副作用可能较强,2A,CL_HL_1252
BB18080016-1,氟尿嘧啶,UMPS,rs1801019,GG,毒副作用可能较弱,2B,CL_HL_1253
BB18080016-1,环磷酰胺,EPHX1,rs1051740,TT,,3,CL_HL_1254
BB18080016-1,环磷酰胺,GSTP1,rs1695,AA,疗效可能较好，毒副作用可能较弱,2A,CL_HL_1255
BB18080016-1,环磷酰胺,MTHFR,rs1801133,AG,毒副作用可能较弱,2A,CL_HL_1256
BB18080016-1,环磷酰胺,MUTYH,rs3219484,CC,毒副作用可能较强,3,CL_HL_1257
BB18080016-1,环磷酰胺,SLC22A16,rs12210538,AA,毒副作用可能较弱,3,CL_HL_1258
BB18080016-1,环磷酰胺,SOD2,rs4880,AA,疗效可能较好,2B,CL_HL_1259
BB18080016-1,吉西他滨,CDA,rs60369023,GG,毒副作用可能较弱,3,CL_HL_1260
BB18080016-1,吉西他滨,NT5C2,rs11598702,TT,疗效可能较好,2B,CL_HL_1261
BB18080016-1,吉西他滨,RRM1,rs1042858,AG,毒副作用可能较弱,3,CL_HL_1262
BB18080016-1,甲氨蝶呤,ABCB1,rs1045642,GA,毒副作用可能较强,2A,CL_HL_1263
BB18080016-1,甲氨蝶呤,MTHFR,rs1801133,AG,毒副作用可能较强,2A,CL_HL_1264
BB18080016-1,甲氨蝶呤,MTRR,rs1801394,AA,毒副作用可能较弱,2B,CL_HL_1265
BB18080016-1,甲氨蝶呤,SLCO1B1,rs11045879,CC,毒副作用可能较弱,2A,CL_HL_1266
BB18080016-1,卡铂,AKT1,rs1130214,CC,疗效可能较差,3,CL_HL_1267
BB18080016-1,卡铂,ERCC1,rs11615,GA,毒副作用可能较强,2B,CL_HL_1268
BB18080016-1,卡铂,ERCC1,rs3212986,CC,毒副作用可能较强,2B,CL_HL_1269
BB18080016-1,卡铂,MTHFR,rs1801133,AG,疗效可能较差,2A,CL_HL_1270
BB18080016-1,卡铂,XRCC1,rs25487,TT,疗效可能较差,2B,CL_HL_1271
BB18080016-1,卡培他滨,ABCG2,rs2231142,GG,疗效可能较差,3,CL_HL_1272
BB18080016-1,卡培他滨,DPYD,rs3918290,CC,毒副作用可能较弱,1A,CL_HL_1273
BB18080016-1,卡培他滨,DPYD,rs55886062,AA,毒副作用可能较弱,1A,CL_HL_1274
BB18080016-1,卡培他滨,DPYD,rs67376798,TT,毒副作用可能较弱,1A,CL_HL_1275
BB18080016-1,卡培他滨,TYMS,rs151264360,DELDEL,疗效可能较好，毒副作用可能较强,2A,CL_HL_1276
BB18080016-1,卡培他滨,UMPS,rs1801019,GG,毒副作用可能较弱,2B,CL_HL_1277
BB18080016-1,来曲唑,CYP19A1,rs4646,CC,疗效可能较差,3,CL_HL_1278
BB18080016-1,培美曲塞,MTHFR,rs1801133,AG,疗效可能较差,3,CL_HL_1279
BB18080016-1,培美曲塞,TYMS,rs151264360,DELDEL,疗效可能较好,3,CL_HL_1280
BB18080016-1,顺铂,ERCC1,rs11615,GA,毒副作用可能较强,2B,CL_HL_1282
BB18080016-1,顺铂,ERCC1,rs3212986,CC,毒副作用可能较强,2B,CL_HL_1283
BB18080016-1,顺铂,GSTP1,rs1695,AA,毒副作用可能较强,2A,CL_HL_1284
BB18080016-1,顺铂,XPC,rs2228001,TT,毒副作用可能较弱,1B,CL_HL_1285
BB18080016-1,顺铂,XRCC1,rs25487,TT,疗效可能较差,2B,CL_HL_1286
BB18080016-1,它莫西芬,ABCB1,rs1045642,GA,疗效可能较差,3,CL_HL_1287
BB18080016-1,替加氟,DPYD,rs3918290,CC,毒副作用可能较弱,1A,CL_HL_1288
BB18080016-1,替加氟,DPYD,rs55886062,AA,毒副作用可能较弱,1A,CL_HL_1289
BB18080016-1,替加氟,DPYD,rs67376798,TT,毒副作用可能较弱,1A,CL_HL_1290
BB18080016-1,替加氟,UMPS,rs1801019,GG,毒副作用可能较弱,2B,CL_HL_1291
BB18080016-1,伊立替康,C8orf34,rs1517114,GG,毒副作用可能较弱,2B,CL_HL_1292
BB18080016-1,伊立替康,SEMA3C,rs7779029,TT,毒副作用可能较弱,2B,CL_HL_1293
BB18080016-1,伊立替康,TOP1,rs6072262,GG,毒副作用可能较弱,3,CL_HL_1294
BB18080016-1,伊立替康,UGT1A1,rs4148323,GG,毒副作用可能较弱,2A,CL_HL_1295
BB18080016-1,依托泊苷,DYNC2H1,rs716274,AA,疗效可能较好,2B,CL_HL_1296
BB18080016-1,依西美坦,CYP19A1,rs4646,CC,疗效可能较差,3,CL_HL_1297
BB18080016-1,长春新碱,ABCB1,rs1128503,GA,疗效可能较差,3,CL_HL_1298
BB18080016-1,紫杉醇,ABCB1,rs1045642,GA,毒副作用可能较强,3,CL_HL_1299
BB18080016-1,紫杉醇,ERCC1,rs3212986,CC,毒副作用可能较弱,3,CL_HL_1300
BB18080016-1,紫杉醇,SOD2,rs4880,AA,毒副作用可能较强,3,CL_HL_1301
BB18080016-1,紫杉醇,TP53,rs1042522,GC,疗效可能较差,2B,CL_HL_1302
BB18080018,6-巯基嘌呤,MTHFR,rs1801133,AG,疗效可能较差,3,CL_HL_1234
BB18080018,6-巯基嘌呤,TPMT,rs1142345,TT,毒副作用可能较弱,1A,CL_HL_1235
BB18080018,阿那曲唑,CYP19A1,rs4646,AA,疗效可能较好,3,CL_HL_1236
BB18080018,奥沙利铂,ERCC1,rs11615,GG,疗效可能较好，毒副作用可能较弱,2B,CL_HL_1237
BB18080018,奥沙利铂,ERCC1,rs3212986,CC,毒副作用可能较强,2B,CL_HL_1238
BB18080018,奥沙利铂,ERCC2,rs13181,TT,毒副作用可能较弱,3,CL_HL_1239
BB18080018,奥沙利铂,GSTP1,rs1695,AA,毒副作用可能较强,2A,CL_HL_1240
BB18080018,奥沙利铂,XRCC1,rs25487,TC,疗效可能较差,2B,CL_HL_1241
BB18080018,多西紫杉醇,ABCC6,rs2238472,TC,毒副作用可能较强,3,CL_HL_1242
BB18080018,多西紫杉醇,ATP7A,rs2227291,GG,毒副作用可能较强,3,CL_HL_1243
BB18080018,多西紫杉醇,CYP4B1,rs4646487,CC,毒副作用可能较弱,3,CL_HL_1244
BB18080018,多西紫杉醇,SULT1C4,rs1402467,CC,疗效可能较差,3,CL_HL_1245
BB18080018,蒽环类,CBR3,rs1056892,GA,毒副作用可能较强,2B,CL_HL_1246
BB18080018,蒽环类,NQO1,rs1800566,AG,疗效可能较差,2A,CL_HL_1247
BB18080018,氟尿嘧啶,DPYD,rs3918290,CC,毒副作用可能较弱,1A,CL_HL_1248
BB18080018,氟尿嘧啶,DPYD,rs55886062,AA,毒副作用可能较弱,1A,CL_HL_1249
BB18080018,氟尿嘧啶,DPYD,rs67376798,TT,毒副作用可能较弱,1A,CL_HL_1250
BB18080018,氟尿嘧啶,GSTP1,rs1695,AA,疗效可能较差,2A,CL_HL_1251
BB18080018,氟尿嘧啶,TYMS,rs151264360,TTAAAGDEL,疗效可能较好，毒副作用可能较弱,2A,CL_HL_1252
BB18080018,氟尿嘧啶,UMPS,rs1801019,GG,毒副作用可能较弱,2B,CL_HL_1253
BB18080018,环磷酰胺,EPHX1,rs1051740,CT,毒副作用可能较强,3,CL_HL_1254
BB18080018,环磷酰胺,GSTP1,rs1695,AA,疗效可能较好，毒副作用可能较弱,2A,CL_HL_1255
BB18080018,环磷酰胺,MTHFR,rs1801133,AG,毒副作用可能较弱,2A,CL_HL_1256
BB18080018,环磷酰胺,MUTYH,rs3219484,CC,毒副作用可能较强,3,CL_HL_1257
BB18080018,环磷酰胺,SLC22A16,rs12210538,AA,毒副作用可能较弱,3,CL_HL_1258
BB18080018,环磷酰胺,SOD2,rs4880,AA,疗效可能较好,2B,CL_HL_1259
BB18080018,吉西他滨,CDA,rs60369023,GG,毒副作用可能较弱,3,CL_HL_1260
BB18080018,吉西他滨,NT5C2,rs11598702,CT,疗效可能较差,2B,CL_HL_1261
BB18080018,吉西他滨,RRM1,rs1042858,AA,毒副作用可能较弱,3,CL_HL_1262
BB18080018,甲氨蝶呤,ABCB1,rs1045642,AA,毒副作用可能较强,2A,CL_HL_1263
BB18080018,甲氨蝶呤,MTHFR,rs1801133,AG,毒副作用可能较强,2A,CL_HL_1264
BB18080018,甲氨蝶呤,MTRR,rs1801394,AG,毒副作用可能较强,2B,CL_HL_1265
BB18080018,甲氨蝶呤,SLCO1B1,rs11045879,CT,毒副作用可能较强,2A,CL_HL_1266
BB18080018,卡铂,AKT1,rs1130214,CC,疗效可能较差,3,CL_HL_1267
BB18080018,卡铂,ERCC1,rs11615,GG,疗效可能较好，毒副作用可能较弱,2B,CL_HL_1268
BB18080018,卡铂,ERCC1,rs3212986,CC,毒副作用可能较强,2B,CL_HL_1269
BB18080018,卡铂,MTHFR,rs1801133,AG,疗效可能较差,2A,CL_HL_1270
BB18080018,卡铂,XRCC1,rs25487,TC,疗效可能较差,2B,CL_HL_1271
BB18080018,卡培他滨,ABCG2,rs2231142,GT,疗效可能较好,3,CL_HL_1272
BB18080018,卡培他滨,DPYD,rs3918290,CC,毒副作用可能较弱,1A,CL_HL_1273
BB18080018,卡培他滨,DPYD,rs55886062,AA,毒副作用可能较弱,1A,CL_HL_1274
BB18080018,卡培他滨,DPYD,rs67376798,TT,毒副作用可能较弱,1A,CL_HL_1275
BB18080018,卡培他滨,TYMS,rs151264360,TTAAAGDEL,疗效可能较好，毒副作用可能较弱,2A,CL_HL_1276
BB18080018,卡培他滨,UMPS,rs1801019,GG,毒副作用可能较弱,2B,CL_HL_1277
BB18080018,来曲唑,CYP19A1,rs4646,AA,疗效可能较好,3,CL_HL_1278
BB18080018,培美曲塞,MTHFR,rs1801133,AG,疗效可能较差,3,CL_HL_1279
BB18080018,培美曲塞,TYMS,rs151264360,TTAAAGDEL,疗效可能较好,3,CL_HL_1280
BB18080018,顺铂,ERCC1,rs11615,GG,疗效可能较好，毒副作用可能较弱,2B,CL_HL_1282
BB18080018,顺铂,ERCC1,rs3212986,CC,毒副作用可能较强,2B,CL_HL_1283
BB18080018,顺铂,GSTP1,rs1695,AA,毒副作用可能较强,2A,CL_HL_1284
BB18080018,顺铂,XPC,rs2228001,TT,毒副作用可能较弱,1B,CL_HL_1285
BB18080018,顺铂,XRCC1,rs25487,TC,疗效可能较差,2B,CL_HL_1286
BB18080018,它莫西芬,ABCB1,rs1045642,AA,疗效可能较好,3,CL_HL_1287
BB18080018,替加氟,DPYD,rs3918290,CC,毒副作用可能较弱,1A,CL_HL_1288
BB18080018,替加氟,DPYD,rs55886062,AA,毒副作用可能较弱,1A,CL_HL_1289
BB18080018,替加氟,DPYD,rs67376798,TT,毒副作用可能较弱,1A,CL_HL_1290
BB18080018,替加氟,UMPS,rs1801019,GG,毒副作用可能较弱,2B,CL_HL_1291
BB18080018,伊立替康,C8orf34,rs1517114,GG,毒副作用可能较弱,2B,CL_HL_1292
BB18080018,伊立替康,SEMA3C,rs7779029,TT,毒副作用可能较弱,2B,CL_HL_1293
BB18080018,伊立替康,TOP1,rs6072262,GG,毒副作用可能较弱,3,CL_HL_1294
BB18080018,伊立替康,UGT1A1,rs4148323,AA,毒副作用可能较强,2A,CL_HL_1295
BB18080018,依托泊苷,DYNC2H1,rs716274,AA,疗效可能较好,2B,CL_HL_1296
BB18080018,依西美坦,CYP19A1,rs4646,AA,疗效可能较好,3,CL_HL_1297
BB18080018,长春新碱,ABCB1,rs1128503,AA,疗效可能较好,3,CL_HL_1298
BB18080018,紫杉醇,ABCB1,rs1045642,AA,毒副作用可能较强,3,CL_HL_1299
BB18080018,紫杉醇,ERCC1,rs3212986,CC,毒副作用可能较弱,3,CL_HL_1300
BB18080018,紫杉醇,SOD2,rs4880,AA,毒副作用可能较强,3,CL_HL_1301
BB18080018,紫杉醇,TP53,rs1042522,GC,疗效可能较差,2B,CL_HL_1302
